"","murdock_name","land_area","atlantic_number15","atlantic_number16","atlantic_number17","atlantic_number18","indian_number15","indian_number16","indian_number17","indian_number18","atlantic_all_years","indian_all_years"
"1","ABABDA",155478.909712378,0,0,0,0,0,0,0,0,0,0
"2","ABARAMBO",6780.70615803379,0,0,0,0,0,0,0,0,0,0
"3","ABE",4031.34528101323,0,0,0,0,0,0,0,0,0,0
"4","ACHOLI",27266.3982502034,0,0,0,0,0,0,0,0,0,0
"5","ADAMAWA",52749.424319771,0,0,0,0,0,0,0,0,0,0
"6","ADANGME",4677.36438703595,0,0,0,10354,0,0,0,0,10354,0
"7","ADARAWA",24362.0099920044,0,0,0,0,0,0,0,0,0,0
"8","ADELE",1425.68701964092,0,0,0,29,0,0,0,0,29,0
"9","AFAR",120873.475723824,0,0,0,0,0,0,0,0,0,0
"10","AFO",1831.09526132437,0,0,0,0,0,0,0,0,0,0
"11","AFUSARE",945.914125689844,0,0,0,0,0,0,0,0,0,0
"12","AHAGGAREN",497216.376822232,0,0,0,0,0,0,0,0,0,0
"13","AJUKRU",1893.90933775499,0,0,0,0,0,0,0,0,0,0
"14","AKPOSO",2588.68307482721,0,0,0,0,0,0,0,0,0,0
"15","AKYEM",13420.2030799272,0,0,16780,2334,0,0,0,0,19114,0
"16","ALAGYA",1595.62863803636,0,0,0,0,0,0,0,0,0,0
"17","ALGERIANS",84862.4799731642,0,0,0,0,0,0,0,0,0,0
"18","ALUR",6866.61673912754,0,0,0,0,0,0,0,0,0,0
"19","AMARAR",37745.4178676213,0,0,0,0,0,0,0,0,0,0
"20","AMBA",7046.49289229635,0,590,0,1293,0,0,0,0,1883,0
"21","AMBO",95740.4638911139,226,0,0,162,0,0,0,0,388,0
"22","AMER",33925.4425652233,0,0,0,0,0,0,0,0,0,0
"23","AMHARA",127273.499266376,0,0,0,0,0,0,0,0,0,0
"24","ANA",4512.35927109401,0,0,0,871,0,0,0,0,871,0
"25","ANAG",13803.6943832108,0,0,0,0,0,0,0,0,0,0
"26","ANGAS",15757.2270220326,0,0,0,0,0,0,0,0,0,0
"27","ANTAISAKA",13979.548720569,0,301,260,1854,0,0,1066,1028,2415,2094
"28","ANTANDROY",21561.163160258,0,465,401,2859,0,0,1644,1585,3725,3229
"29","ANTESSAR",27304.9004565126,0,0,0,0,0,0,0,0,0,0
"30","ANUAK",27540.5821331378,0,0,0,0,0,0,0,0,0,0
"31","ANYANG",6692.78247461289,0,0,0,9431,0,0,0,0,9431,0
"32","ANYI",32401.7568843924,0,0,0,0,0,0,0,0,0,0
"33","ARAD",29153.8159719174,0,0,0,0,0,0,0,0,0,0
"34","ARAGO",4139.07555750116,0,0,0,0,0,0,0,0,0,0
"35","ARI",2773.07534807582,0,0,0,0,0,0,0,0,0,0
"36","ARUSI",114600.590956894,0,0,0,0,10,5,11,17,0,43
"37","ASBEN",464409.973719886,0,0,0,17,0,0,0,0,17,0
"38","ASHANTI",60441.4087962987,0,31499,199900,157211,0,0,0,0,388610,0
"39","ASSINI",4718.86503409173,0,0,0,0,0,0,0,0,0,0
"40","ATTA",41498.5136475091,0,0,0,0,0,0,0,0,0,0
"41","ATTIE",5401.58933010272,0,0,0,0,0,0,0,0,0,0
"42","ATYUTI",3425.13333080121,0,0,0,0,0,0,0,0,0,0
"43","AULLIMINDEN",317587.337665272,0,0,0,0,0,0,0,0,0,0
"44","AUSHI",44079.032956878,0,0,0,0,0,0,0,0,0,0
"45","AUYOKAWA",10309.0983081811,0,0,0,0,0,0,0,0,0,0
"46","AVATIME",235.021715023505,0,0,0,0,0,0,0,0,0,0
"47","AVIKAM",2922.02925813726,0,0,0,4757,0,0,0,0,4757,0
"48","AWIYA",6195.29422854943,0,0,0,0,0,0,0,0,0,0
"49","AZANDE",148103.403113865,0,0,0,0,0,0,0,0,0,0
"50","AZJER",385106.202129236,0,0,0,0,0,0,0,0,0,0
"51","BABUKUR",2993.1200912354,0,0,0,0,0,0,0,0,0,0
"52","BABWA",35329.397063952,0,0,0,0,0,0,0,0,0,0
"53","BACHAMA",2293.54969231505,0,0,0,0,0,0,0,0,0,0
"54","BAGA",4381.26287725578,0,0,0,45,0,0,0,0,45,0
"55","BAGIRMI",23856.5642561325,0,0,0,13,0,0,0,0,13,0
"56","BAHARIYA",30049.8514923135,0,0,0,0,0,0,0,0,0,0
"57","BAJUN",8629.25869025484,0,0,0,0,0,0,0,0,0,0
"58","BAKAKARI",10056.8848042718,0,0,0,0,0,0,0,0,0,0
"59","BAKO",10815.2182048546,0,0,0,0,0,0,0,0,0,0
"60","BAKWE",14407.6027068595,0,0,0,0,0,0,0,0,0,0
"61","BALANTE",5564.78168152017,228,28324,0,1547,0,0,0,0,30099,0
"62","BAMBARA",128533.177673891,0,144,212305,11507,0,0,0,0,223956,0
"63","BAMILEKE",7438.10691244222,0,0,0,753,0,0,0,0,753,0
"64","BANDA",266613.431475349,0,0,0,9,0,0,0,0,9,0
"65","BANGANDU",2494.77731150337,0,0,0,0,0,0,0,0,0,0
"66","BANGBA",7677.81057698956,0,0,0,118,0,0,0,0,118,0
"67","BANGI",50230.0816178856,0,0,0,0,0,0,0,0,0,0
"68","BANYUN",1439.43735274234,3041,6528,0,35066,0,0,0,0,44635,0
"69","BANZA",6877.50330874232,0,0,0,0,0,0,0,0,0,0
"70","BANZIRI",11794.5877969752,0,0,0,0,0,0,0,0,0,0
"71","BARA",79930.1372828529,0,1724,1486,10599,0,0,6096,5877,13809,11973
"72","BARABRA",127956.151447662,0,0,0,0,0,0,0,0,0,0
"73","BARARETTA",226085.837863332,0,0,0,0,20,10,21,34,0,85
"74","BAREA",3314.79005730299,0,0,0,0,0,0,0,0,0,0
"75","BARGU",56900.5465645492,6,0,19918,1784,0,0,0,0,21708,0
"76","BARI",10250.0030452402,0,0,490,0,0,0,0,0,490,0
"77","BASA",2628.57336049934,0,0,196,577,0,0,0,0,773,0
"78","BASARI",3393.7194511532,0,0,0,0,0,0,0,0,0,0
"79","BASHI",12117.5775141346,0,0,0,0,0,0,0,0,0,0
"80","BASILA",1712.59794666833,0,0,0,0,0,0,0,0,0,0
"81","BASSA",21090.7409127679,0,0,0,3542,0,0,0,0,3542,0
"82","BATA",6478.22576525443,0,0,0,0,0,0,0,0,0,0
"83","BATAHIN",31104.8885348093,0,0,0,0,0,0,0,0,0,0
"84","BATI",10838.726744483,0,0,0,0,0,0,0,0,0,0
"85","BAUCHI",16311.1268822501,0,0,0,0,0,0,0,0,0,0
"86","BAULE",28970.0280682513,0,0,0,0,0,0,0,0,0,0
"87","BAYA",114707.419110879,0,0,0,0,0,0,0,0,0,0
"88","BEDE",9368.66636450089,0,0,0,108,0,0,0,0,108,0
"89","BEDERIA",31894.4447712593,0,0,0,0,0,0,0,0,0,0
"90","BEMBA",50325.6709760425,0,0,0,0,716,358,769,1202,0,3045
"91","BENA",15163.4685446617,0,0,0,0,368,184,395,618,0,1565
"92","BENDE",22006.9516890948,0,0,0,0,61,31,66,103,0,261
"93","BERABER",59698.2460790891,0,0,0,0,0,0,0,0,0,0
"94","BERABISH",290066.768572963,0,0,0,0,0,0,0,0,0,0
"95","BERGDAMA",30293.2907512232,0,0,0,0,0,0,0,0,0,0
"96","BERIBERI",30410.8918812242,0,0,0,0,0,0,0,0,0,0
"97","BERTA",16145.0846223229,0,0,0,0,0,0,0,0,0,0
"98","BERTI",40799.0719019457,0,0,0,0,0,0,0,0,0,0
"99","BETE",18131.9610272026,0,0,273,0,0,0,0,0,273,0
"100","BETSILEO",32412.2031927536,0,699,602,4298,0,0,2472,2383,5599,4855
"101","BETSIMISARAKA",58372.6316643856,0,1259,1085,7740,0,0,4452,4292,10084,8744
"102","BIAFADA",4871.0902677057,6539,7657,991,1326,0,0,0,0,16513,0
"103","BIDEYAT",568541.833455408,0,0,0,0,0,0,0,0,0,0
"104","BIJOGO",1479.21473326108,750,5198,1982,663,0,0,0,0,8593,0
"105","BINZA",15491.9438000052,0,0,0,0,0,0,0,0,0,0
"106","BIRA",24884.7943278839,0,0,0,0,0,0,0,0,0,0
"107","BIRIFON",6631.08970469801,0,0,0,0,0,0,0,0,0,0
"108","BIRKED",16439.950113263,0,0,0,0,0,0,0,0,0,0
"109","BIROM",3283.81205006498,0,0,0,36,0,0,0,0,36,0
"110","BISA",37836.6493622358,0,0,0,563,2864,1432,3075,4809,563,12180
"111","BISHARIN",116021.129260584,0,0,0,0,0,0,0,0,0,0
"112","BOBO",28824.2082228097,0,0,5945,78,0,0,0,0,6023,0
"113","BOFI",2895.587938305,0,0,0,0,0,0,0,0,0,0
"114","BOGO",2471.51256783501,0,0,0,0,0,0,0,0,0,0
"115","BOKI",3587.90134128013,0,0,0,36,0,0,0,0,36,0
"116","BOLEWA",7779.59715444224,0,0,0,90,0,0,0,0,90,0
"117","BOMITABA",7511.65541190898,0,0,0,0,0,0,0,0,0,0
"118","BONDEI",1794.71080114302,0,0,0,0,982,491,1054,1649,0,4176
"119","BONDJO",16278.831017147,0,0,0,0,0,0,0,0,0,0
"120","BONGO",22414.2469614211,0,0,0,0,0,0,0,0,0,0
"121","BONI",13943.1430906714,0,0,0,0,0,0,0,0,0,0
"122","BORAN",138935.358191799,0,0,0,0,12,6,13,21,0,52
"123","BORROM",3658.76335211999,0,0,0,0,0,0,0,0,0,0
"124","BOSAKA",26518.9506447336,0,0,0,0,0,0,0,0,0,0
"125","BOZO",10519.4448256765,0,0,0,0,0,0,0,0,0,0
"126","BRONG",20390.1004105074,0,0,0,0,0,0,0,0,0,0
"127","BUA",16055.5942938429,0,0,0,0,0,0,0,0,0,0
"128","BUBI",2014.25934680684,0,0,0,0,0,0,0,0,0,0
"129","BUDJA",29559.8797863588,0,0,0,0,0,0,0,0,0,0
"130","BUDU",8100.00683394628,0,0,0,0,0,0,0,0,0,0
"131","BUDUMA",3061.83044997909,0,0,0,13,0,0,0,0,13,0
"132","BUEM",2419.82395180104,0,0,0,0,0,0,0,0,0,0
"133","BUILSA",2459.12269019847,0,0,0,0,0,0,0,0,0,0
"134","BULGEDA",141632.606197903,0,0,0,0,0,0,0,0,0,0
"135","BULOM",3347.7047493558,0,0,720,1428,0,0,0,0,2148,0
"136","BUNDA",9345.76968130589,0,0,0,0,0,0,0,0,0,0
"137","BUNU",8665.63867553681,0,0,0,2164,0,0,0,0,2164,0
"138","BURA",6222.32150203216,0,0,0,0,0,0,0,0,0,0
"139","BURUNGI",3483.45572698708,0,0,0,0,0,0,0,0,0,0
"140","BUSA",23862.4996077593,0,0,0,18,0,0,0,0,18,0
"141","BUSANSI",9494.38840419321,0,0,0,0,0,0,0,0,0,0
"142","BUTAWA",4595.98670689464,0,0,0,0,0,0,0,0,0,0
"143","BUYE",78823.6981039387,0,0,0,0,1514,757,1625,2542,0,6438
"144","BWAKA",55681.5980026733,0,0,0,0,0,0,0,0,0,0
"145","CAPE HOTTENTOT",174414.295291575,0,0,0,0,0,0,0,0,0,0
"146","CHAAMBA",249703.850225171,0,0,0,0,0,0,0,0,0,0
"147","CHAGA",6514.44138404023,0,0,0,0,41,20,44,69,0,174
"148","CHAKOSSI",2145.76011664794,0,0,0,0,0,0,0,0,0,0
"149","CHAMBA",9873.77226618782,0,0,4812,6906,0,0,0,0,11718,0
"150","CHEWA",79702.5558625374,0,0,0,8955,41,20,44,69,8955,174
"151","CHIGA",4437.05248039703,0,0,0,0,0,0,0,0,0,0
"152","CHOKWE",223137.554370579,0,0,0,590,0,0,0,0,590,0
"153","CHOPI",12987.0463314603,0,0,0,16358,0,0,0,0,16358,0
"154","CHUABO",46959.7221480023,0,0,0,779,0,0,0,0,779,0
"155","COMORIANS",2063.37833793214,0,0,0,0,0,0,0,0,0,0
"156","CYRENAICANS",17873.1216602711,0,0,0,0,0,0,0,0,0,0
"157","DAFI",6393.60188984168,0,0,0,235,0,0,0,0,235,0
"158","DAGARI",7768.96324453046,0,0,0,2324,0,0,0,0,2324,0
"159","DAGOMBA",21275.4472034744,0,0,1459,0,0,0,0,0,1459,0
"160","DAGU",11989.7848008136,0,0,0,0,0,0,0,0,0,0
"161","DAKA",2301.48644268604,0,0,0,0,0,0,0,0,0,0
"162","DAKHLA",24148.0104936735,0,0,0,0,0,0,0,0,0,0
"163","DAMA",3197.40182924518,0,0,0,0,0,0,0,0,0,0
"164","DAN",9768.25913022725,0,0,273,40,0,0,0,0,313,0
"165","DARASA",10078.6233490869,0,0,0,0,0,0,0,0,0,0
"166","DARI",6159.27765672993,0,0,0,0,0,0,0,0,0,0
"167","DAZA",177194.993544675,0,0,0,0,0,0,0,0,0,0
"168","DEFORO",4904.49883374883,0,0,0,0,0,0,0,0,0,0
"169","DEKAKIRI",7075.42535418676,0,0,0,0,0,0,0,0,0,0
"170","DELIM",116931.016315652,0,0,0,0,0,0,0,0,0,0
"171","DENDI",5578.60972297031,0,0,0,0,0,0,0,0,0,0
"172","DERA",1508.54356796895,0,0,0,0,0,0,0,0,0,0
"173","DIALONKE",20139.5695548177,0,0,0,0,0,0,0,0,0,0
"174","DIAN",2271.32286713376,0,0,0,157,0,0,0,0,157,0
"175","DIDA",16252.2619905711,0,0,0,0,0,0,0,0,0,0
"176","DIDINGA",9279.6676725616,0,0,0,0,0,0,0,0,0,0
"177","DIGO",5537.61783755083,0,0,0,0,2046,1023,2196,3435,0,8700
"178","DILLING",15406.166261112,0,0,0,0,0,0,0,0,0,0
"179","DINKA",147579.261162361,0,0,0,0,0,0,0,0,0,0
"180","DIOLA",8564.66291542805,0,0,352,121,0,0,0,0,473,0
"181","DIULA",5126.53568163081,0,0,0,0,0,0,0,0,0,0
"182","DOGON",25268.396040704,0,0,0,0,0,0,0,0,0,0
"183","DOROBO",3973.19430789561,0,0,0,0,0,0,0,0,0,0
"184","DOROSIE",4620.27009256046,0,0,0,0,0,0,0,0,0,0
"185","DRAWA",14713.3292949103,0,0,0,0,0,0,0,0,0,0
"186","DUAISH",64875.4649873431,0,0,0,6,0,0,0,0,6,0
"187","DUALA",6022.19453597787,0,0,0,5417,0,0,0,0,5417,0
"188","DUI-MENIA",55764.4892314715,0,0,0,0,0,0,0,0,0,0
"189","DUMA",58343.8550494714,0,0,0,1112,0,0,0,0,1112,0
"190","DURU",10952.8149063654,0,0,0,0,0,0,0,0,0,0
"191","DURUMA",2439.36084612515,0,0,0,0,266,133,286,447,0,1132
"192","DZEM",62028.5482920589,0,0,0,0,0,0,0,0,0,0
"193","DZING",11319.0699299367,0,0,0,0,0,0,0,0,0,0
"194","EBRIE",3271.47664572271,0,0,0,36,0,0,0,0,36,0
"195","EDO",14683.090248459,0,0,10389,2308,0,0,0,0,12697,0
"196","EGBA",28566.5834468346,0,0,0,47,0,0,0,0,47,0
"197","EGEDE",1494.39419432159,0,0,0,0,0,0,0,0,0,0
"198","EGYPTIANS",125518.972114981,0,0,0,0,0,0,0,0,0,0
"199","EKITI",22407.6597374339,0,0,0,0,0,0,0,0,0,0
"200","EKOI",6749.45793571831,0,0,392,1100,0,0,0,0,1492,0
"201","EKONDA",66480.4687977313,0,0,0,118,0,0,0,0,118,0
"202","ESA",45075.5163713685,0,0,0,0,0,0,0,0,0,0
"203","EWE",15942.6776950385,12,60342,494825,45903,0,0,0,0,601082,0
"204","FAJULU",15329.3092620056,0,0,0,0,0,0,0,0,0,0
"205","FALI",3067.22519933944,0,0,0,0,0,0,0,0,0,0
"206","FANG",169050.635294606,0,0,1619,241,0,0,0,0,1860,0
"207","FANG (Cameroon only)",NA,232,5937,0,0,0,0,0,0,6169,0
"208","FANTI",6280.30234291788,0,0,20428,1057,0,0,0,0,21485,0
"209","FANYAN",7330.92050833951,0,0,0,0,0,0,0,0,0,0
"210","FERTIT",16877.8654869334,0,0,0,0,0,0,0,0,0,0
"211","FEZARA",58789.3546891315,0,0,0,0,0,0,0,0,0,0
"212","FEZZAN",144277.970241404,0,0,0,0,0,0,0,0,0,0
"213","FIA",6711.65639538388,0,0,0,188,0,0,0,0,188,0
"214","FIGIG",13189.2360540136,0,0,0,0,0,0,0,0,0,0
"215","FILALA",17226.9804411289,0,0,0,0,0,0,0,0,0,0
"216","FIPA",13914.9805696402,0,0,0,0,532,266,571,893,0,2262
"217","FON",22676.3582542956,17,85828,703823,65290,0,0,0,0,854958,0
"218","FOUTADJALON",74029.517415407,496,121,9057,18462,0,0,0,0,28136,0
"219","FOUTATORO",52548.7276646043,0,0,26995,1750,0,0,0,0,28745,0
"220","FUNGON",4257.42408175307,0,0,0,0,0,0,0,0,0,0
"221","FUR",56093.4585329168,0,0,0,0,0,0,0,0,0,0
"222","FUT",1628.44273090906,0,0,0,94,0,0,0,0,94,0
"223","GA",1680.91092604711,0,0,0,0,0,0,0,0,0,0
"224","GAALIIN",59193.709005957,0,0,0,0,0,0,0,0,0,0
"225","GABERI",9968.11751626346,0,0,0,0,0,0,0,0,0,0
"226","GADAMES",8773.23212337086,0,0,0,0,0,0,0,0,0,0
"227","GAFSA",3516.71533051457,0,0,0,0,0,0,0,0,0,0
"228","GAGU",3025.61457302601,0,0,0,0,0,0,0,0,0,0
"229","GALIM",1553.71647234986,0,0,0,0,0,0,0,0,0,0
"230","GAN",3023.75602683871,0,0,0,0,0,0,0,0,0,0
"231","GANDA",43291.2783837598,0,0,0,877,818,409,878,1374,877,3479
"232","GBANDE",7212.4060685878,0,0,0,57,0,0,0,0,57,0
"233","GBARI",30784.9118018196,0,0,980,415,0,0,0,0,1395,0
"234","GERAWA",10250.9574035871,0,0,0,0,0,0,0,0,0,0
"235","GERI",9841.30962502735,0,0,0,0,0,0,0,0,0,0
"236","GIBE",14628.9280457413,0,0,0,0,0,0,0,0,0,0
"237","GIL",40388.4088375631,0,0,0,0,0,0,0,0,0,0
"238","GILI",1918.39547078467,0,0,0,0,0,0,0,0,0,0
"239","GIMIRA",7779.25792264753,0,0,0,0,0,0,0,0,0,0
"240","GIMMA",20966.0452600912,0,0,0,0,0,0,0,0,0,0
"241","GIRYAMA",NA,0,0,0,0,184,92,198,309,0,783
"242","GISIGA",5800.10287057858,0,0,0,0,0,0,0,0,0,0
"243","GISU",3714.04169800798,0,0,0,0,0,0,0,0,0,0
"244","GOBU",8932.22460961607,0,0,0,0,0,0,0,0,0,0
"245","GOGO",33340.36831853,0,0,0,0,532,266,571,893,0,2262
"246","GOLA",8882.86500659377,0,0,544,1371,0,0,0,0,1915,0
"247","GOMANI",10401.3412161094,0,0,0,0,0,0,0,0,0,0
"248","GOROA",3783.84367403119,0,0,0,0,0,0,0,0,0,0
"249","GOSHA",4179.28648692445,0,0,0,0,0,0,0,0,0,0
"250","GREBO",10111.0126707423,0,0,0,0,0,0,0,0,0,0
"251","GRUNSHI",13593.7366656263,0,0,0,1191,0,0,0,0,1191,0
"252","GUANCHE",7508.77047870608,0,0,0,0,0,0,0,0,0,0
"253","GUANG",32701.410087382,0,0,106516,0,0,0,0,0,106516,0
"254","GUDE",5074.8652233616,0,0,12236,377,0,0,0,0,12613,0
"255","GUIN",5493.40763892523,0,0,0,0,0,0,0,0,0,0
"256","GULA",36228.8954680161,0,0,0,34,0,0,0,0,34,0
"257","GULE",11178.422465779,0,0,0,0,0,0,0,0,0,0
"258","GUMUZ",21260.9825215328,0,0,0,0,0,0,0,0,0,0
"259","GUN",2755.92073527706,41,69693,0,0,0,0,0,0,69734,0
"260","GURAGE",11926.4369205213,0,0,0,0,0,0,0,0,0,0
"261","GURENSI",6674.05390201575,0,0,0,0,0,0,0,0,0,0
"262","GURMA",55168.5732502129,0,0,156630,1020,0,0,0,0,157650,0
"263","GURO",18632.9025186893,0,0,0,0,0,0,0,0,0,0
"264","GUSII",8817.91545654931,0,0,0,0,0,0,0,0,0,0
"265","GWANDARA",6733.82005563942,0,0,0,0,0,0,0,0,0,0
"266","GYRIAMA",6168.82063780824,0,0,0,0,0,0,0,0,0,0
"267","HA",32054.4310293882,0,0,0,0,184,92,198,309,0,783
"268","HABBANIA",93229.1769547116,0,0,0,0,0,0,0,0,0,0
"269","HADENDOWA",99730.0090510364,0,0,0,0,0,0,0,0,0,0
"270","HADIMU",1592.3322722585,0,0,0,0,10085,5042,10827,16935,0,42889
"271","HAMAMA",41691.8490071529,0,0,0,0,0,0,0,0,0,0
"272","HAMAR",42804.2872189543,0,0,0,0,0,0,0,0,0,0
"273","HAMYAN",109327.803774143,0,0,0,0,0,0,0,0,0,0
"274","HARARI",2617.94848644206,0,0,0,0,0,0,0,0,0,0
"275","HASANIA",12447.6683802629,0,0,0,0,0,0,0,0,0,0
"276","HAUSA",134902.35453029,0,0,106241,24307,0,0,0,0,130548,0
"277","HAWIYA",110700.795841726,0,0,0,0,0,0,0,0,0,0
"278","HAYA",13708.1543350028,0,0,0,0,0,0,0,0,0,0
"279","HEHE",33651.6288081005,0,0,0,0,941,470,1010,1580,0,4001
"280","HEIKUM",60903.4974903215,0,0,0,0,0,0,0,0,0,0
"281","HEMAT",43430.3591168027,0,0,0,0,0,0,0,0,0,0
"282","HERERO",268671.823226377,0,0,0,0,0,0,0,0,0,0
"283","HIECHWARE",95816.4148952089,0,0,0,0,0,0,0,0,0,0
"284","HLENGWE",131671.723561255,0,0,0,0,0,0,0,0,0,0
"285","HOLO",11802.3299752793,0,0,0,197,0,0,0,0,197,0
"286","HOLOHOLO",7937.03857172046,0,0,0,0,61,31,66,103,0,261
"287","HUNDE",18283.6130434182,0,0,0,0,0,0,0,0,0,0
"288","HURUTSHE",36090.6754646563,0,0,0,0,0,0,0,0,0,0
"289","IBIBIO",8321.92716233308,0,0,27638,21170,0,0,0,0,48808,0
"290","IBO",35883.7775455732,16,39141,253253,108752,0,0,0,0,401162,0
"291","IDIO",1357.11564094504,0,0,0,0,0,0,0,0,0,0
"292","IDOMA",8039.78570353452,0,0,0,0,0,0,0,0,0,0
"293","IFE",5414.01345793061,0,0,0,36,0,0,0,0,36,0
"294","IFORA",90489.1109600215,0,0,0,0,0,0,0,0,0,0
"295","IGALA",9880.50948535981,0,0,0,0,0,0,0,0,0,0
"296","IGBIRA",6377.0543143539,0,0,0,631,0,0,0,0,631,0
"297","IJAW",15705.4217143919,41,1243,20582,5572,0,0,0,0,27438,0
"298","IJEBU",7417.97580311494,0,0,0,0,0,0,0,0,0,0
"299","IKASA",4915.52885831079,0,0,0,0,0,0,0,0,0,0
"300","ILA",28946.3204816566,0,0,0,0,0,0,0,0,0,0
"301","IMRAGEN",44287.2723131036,0,0,0,0,0,0,0,0,0,0
"302","INGASSANA",7308.19077331339,0,0,0,0,0,0,0,0,0,0
"303","IRAMBA",9766.59412343779,0,0,0,0,0,0,0,0,0,0
"304","IRAQW",9635.40401488002,0,0,0,0,0,0,0,0,0,0
"305","ISHAAK",117806.95136257,0,0,0,0,0,0,0,0,0,0
"306","ISOKO",4750.684924802,41,0,196,108,0,0,0,0,345,0
"307","ITSEKIRI",4417.567649806,0,0,0,0,0,0,0,0,0,0
"308","ITTU",35799.385590426,0,0,0,0,3,2,3,5,0,13
"309","IWA",13112.3214836057,0,0,0,0,0,0,0,0,0,0
"310","IYALA",3041.44117338034,0,0,0,18,0,0,0,0,18,0
"311","JALO",15383.2777532139,0,0,0,0,0,0,0,0,0,0
"312","JANJERO",4094.03672798991,0,0,0,0,0,0,0,0,0,0
"313","JARAWA",5891.5600033883,0,0,0,18,0,0,0,0,18,0
"314","JEBALA",16726.9810880717,0,0,0,0,0,0,0,0,0,0
"315","JEN",1475.87688860827,0,0,0,72,0,0,0,0,72,0
"316","JERAWA, CHAWAI (SW)",2752.61318225076,0,0,196,0,0,0,0,0,196,0
"317","JERBA",515.611244297505,0,0,0,0,0,0,0,0,0,0
"318","JERID",14842.5294501396,0,0,0,0,0,0,0,0,0,0
"319","JIBU",4561.60691557625,0,0,0,0,0,0,0,0,0,0
"320","JIE",10853.6531155617,0,0,0,0,0,0,0,0,0,0
"321","JOFRA",54759.019788763,0,0,0,0,0,0,0,0,0,0
"322","JUKUN",22423.2335059737,0,0,0,162,0,0,0,0,162,0
"323","JUR",8155.4196849827,0,0,0,0,0,0,0,0,0,0
"324","KABABISH",209995.939765405,0,0,0,0,0,0,0,0,0,0
"325","KABRE",5798.27788613657,0,0,0,406,0,0,0,0,406,0
"326","KABYLE",9897.43536195605,0,0,0,0,0,0,0,0,0,0
"327","KADARA",5406.21732266682,0,0,196,0,0,0,0,0,196,0
"328","KAFA",13491.4964882776,0,0,0,0,0,0,0,0,0,0
"329","KAGORO",15552.2307630712,0,0,0,0,0,0,0,0,0,0
"330","KAKA",14362.7831474175,0,0,0,2259,0,0,0,0,2259,0
"331","KALAI",10865.8418808938,0,0,0,6386,0,0,0,0,6386,0
"332","KAM",1537.00969371134,0,0,0,0,0,0,0,0,0,0
"333","KAMBA",45157.022618811,0,0,0,553,491,245,527,824,553,2087
"334","KAMBATA",9605.70978742727,0,0,0,0,0,0,0,0,0,0
"335","KAMBERI",15553.2123150373,0,0,0,270,0,0,0,0,270,0
"336","KAMIR",7917.98548286308,0,0,0,0,0,0,0,0,0,0
"337","KAMUKU",10223.2101015842,0,0,0,18,0,0,0,0,18,0
"338","KANEMBU",26476.2574369951,0,0,0,28,0,0,0,0,28,0
"339","KANURI",48247.0465698938,0,0,392,1803,0,0,0,0,2195,0
"340","KAONDE",87488.6261310329,0,0,0,2814,0,0,0,0,2814,0
"341","KAPSIKI",2984.98472417689,0,0,0,0,0,0,0,0,0,0
"342","KARA",46872.0011258895,0,0,0,0,61,31,66,103,0,261
"343","KARABORO",2980.17059301007,0,0,0,0,0,0,0,0,0,0
"344","KARAMOJONG",15051.8611981466,0,0,0,0,0,0,0,0,0,0
"345","KARANGA",63988.9447380714,0,0,553,0,0,0,0,0,553,0
"346","KARE",10733.256292178,0,0,0,0,0,0,0,0,0,0
"347","KAREKARE",4264.2939989026,0,0,0,36,0,0,0,0,36,0
"348","KASONKE",22069.2771409363,0,0,0,106,0,0,0,0,106,0
"349","KATAB",5502.42998267274,0,0,196,90,0,0,0,0,286,0
"350","KATLA",1653.21499933127,0,0,0,0,0,0,0,0,0,0
"351","KAWAR",104193.04761631,0,0,0,0,0,0,0,0,0,0
"352","KEBU",1602.26431141491,0,0,0,0,0,0,0,0,0,0
"353","KELA",41957.7518306319,0,0,0,0,0,0,0,0,0,0
"354","KEMANT",5355.6417517959,0,0,0,0,0,0,0,0,0,0
"355","KENGA",11843.8002446528,0,0,0,0,0,0,0,0,0,0
"356","KENTU",2576.08132791655,0,0,0,0,0,0,0,0,0,0
"357","KEPERE",9003.41578372706,0,0,0,0,0,0,0,0,0,0
"358","KERARISH",75710.385485687,0,0,0,0,0,0,0,0,0,0
"359","KEREWE",720.668947069568,0,0,0,0,0,0,0,0,0,0
"360","KEYU",3472.18397180326,0,0,0,0,0,0,0,0,0,0
"361","KGALAGADI",128539.589172022,0,0,0,0,0,0,0,0,0,0
"362","KGATLA",33877.979889256,0,0,0,0,0,0,0,0,0,0
"363","KHARGA",67824.6191061917,0,0,0,0,0,0,0,0,0,0
"364","KIKUYU",15321.1008336093,0,0,0,0,41,20,44,69,0,174
"365","KILINGA",6666.03694767909,0,0,0,145,0,0,0,0,145,0
"366","KIMBU",29219.6849416713,0,0,0,0,41,20,44,69,0,174
"367","KIMBUNDU",81511.1041712638,189,16808,303,50733,0,0,0,0,68033,0
"368","KIMR",5382.42583170891,0,0,0,0,0,0,0,0,0,0
"369","KINDIGA",4104.40214393935,0,0,0,0,0,0,0,0,0,0
"370","KINGA",8618.4021540993,0,0,0,0,491,245,527,824,0,2087
"371","KIPSIGI",5729.41271308576,0,0,0,0,0,0,0,0,0,0
"372","KISAMA",9935.03079875209,0,525,0,5506,0,0,0,0,6031,0
"373","KISI",4382.67642912283,0,0,0,585,82,41,88,137,585,348
"374","KISSI",9744.22771581839,0,0,57508,5126,0,0,0,0,62634,0
"375","KITA",12000.378436631,0,0,0,0,0,0,0,0,0,0
"376","KOALIB",16412.601507583,0,0,0,0,0,0,0,0,0,0
"377","KOBA",19014.9428358515,0,0,0,0,0,0,0,0,0,0
"378","KOKO",16087.2789909587,0,0,3059,94,0,0,0,0,3153,0
"379","KOM",1761.7989489302,0,0,0,0,0,0,0,0,0,0
"380","KOMA",15090.1871622651,0,0,0,0,0,0,0,0,0,0
"381","KOMONO",4340.33845954991,0,0,0,0,0,0,0,0,0,0
"382","KONA",2726.56711651112,0,0,0,0,0,0,0,0,0,0
"383","KONGO",126510.046753023,33299,249221,1917561,1638872,0,0,0,0,3838953,0
"384","KONJO",17700.3586178215,0,0,0,0,0,0,0,0,0,0
"385","KONKOMBA",5919.99695622901,0,0,126357,11934,0,0,0,0,138291,0
"386","KONO",5796.51004271731,0,0,0,400,0,0,0,0,400,0
"387","KONONGO",22744.9275676533,0,0,0,0,20,10,22,34,0,86
"388","KONSO",9254.23845448926,0,0,0,0,0,0,0,0,0,0
"389","KONYANKE",22540.8965961198,0,0,0,0,0,0,0,0,0,0
"390","KORANA",33320.0965080398,0,0,0,0,0,0,0,0,0,0
"391","KORANKO",20592.3368613368,0,0,2629,547,0,0,0,0,3176,0
"392","KOREKORE",63266.9458853308,0,0,0,0,0,0,0,0,0,0
"393","KORO",3786.81147892823,0,0,0,72,0,0,0,0,72,0
"394","KOROCA",27948.7200634382,0,0,0,0,0,0,0,0,0,0
"395","KOSSI",7124.83908628032,0,0,0,282,0,0,0,0,282,0
"396","KOTA",74848.8816450207,0,0,0,3100,0,0,0,0,3100,0
"397","KOTOKO",7310.35567799617,0,0,0,0,0,0,0,0,0,0
"398","KOTOPO",4718.60385486876,0,0,0,0,0,0,0,0,0,0
"399","KOYAM",5094.38413203246,0,0,0,0,0,0,0,0,0,0
"400","KPE",3897.13521776958,0,0,0,188,0,0,0,0,188,0
"401","KPELLE",15035.8094759315,0,0,0,675,0,0,0,0,675,0
"402","KRACHI",6787.15646731142,0,0,0,0,0,0,0,0,0,0
"403","KRAN",9491.32869174752,0,0,0,0,0,0,0,0,0,0
"404","KREDA",76705.446656679,0,0,0,0,0,0,0,0,0,0
"405","KREISH",41615.3365752982,0,0,0,0,0,0,0,0,0,0
"406","KRU",10453.5449619057,0,0,0,114,0,0,0,0,114,0
"407","KUBA",30902.2193956329,0,0,0,0,0,0,0,0,0,0
"408","KUFRA",100060.97906278,0,0,0,0,0,0,0,0,0,0
"409","KUKU",2912.14196797457,0,0,0,0,0,0,0,0,0,0
"410","KUKURUKU",6257.957363182,0,0,0,541,0,0,0,0,541,0
"411","KULANGO",23444.1315411596,0,0,0,0,0,0,0,0,0,0
"412","KUMU",60750.5881134381,0,0,0,0,0,0,0,0,0,0
"413","KUN",4910.074730478,0,0,0,0,0,0,0,0,0,0
"414","KUNAMA",5812.11780328119,0,0,0,0,0,0,0,0,0,0
"415","KUNDA",49018.4846272321,0,0,0,0,0,0,0,0,0,0
"416","KUNDU",7203.60600686102,0,0,0,1224,0,0,0,0,1224,0
"417","KUNG",98768.2277927306,0,0,0,0,0,0,0,0,0,0
"418","KUNTA",221378.228836221,0,0,0,0,0,0,0,0,0,0
"419","KUNYI",17275.2948109248,0,0,0,2848,0,0,0,0,2848,0
"420","KURAMA, GURE (NE)",3360.40322293751,0,0,0,0,0,0,0,0,0,0
"421","KURFEI",6499.8239531297,0,0,0,0,0,0,0,0,0,0
"422","KUTSHU",47004.9438459975,0,0,0,118,0,0,0,0,118,0
"423","KWANGARE",50392.5994642785,0,0,0,0,0,0,0,0,0,0
"424","KWENA",18402.1321301808,0,0,0,0,0,0,0,0,0,0
"425","KWERE",6082.33348314155,0,0,0,0,123,61,132,206,0,522
"426","KWESE",6418.29739652852,0,0,0,235,0,0,0,0,235,0
"427","LABWOR",2622.72268773757,0,0,0,0,0,0,0,0,0,0
"428","LAGUAT",7124.24521550018,0,0,0,0,0,0,0,0,0,0
"429","LAKA (ADAMAWA",26535.3670712474,0,0,0,0,0,0,0,0,0,0
"430","LAKA (NDEBELE)",14419.3915710881,0,0,0,0,0,0,0,0,0,0
"431","LALA",41679.042877819,0,364,0,1126,0,0,0,0,1490,0
"432","LAMBA",90875.9733254802,0,0,0,563,0,0,0,0,563,0
"433","LAMBYA",5429.48077549882,0,0,0,0,0,0,0,0,0,0
"434","LANDUMA",2509.71951684141,366,0,0,57,0,0,0,0,423,0
"435","LANGO",14826.0372085037,0,0,0,0,0,0,0,0,0,0
"436","LELE",17017.895673145,0,0,0,0,0,0,0,0,0,0
"437","LENDU",8168.81564047616,0,0,0,0,0,0,0,0,0,0
"438","LENGOLA",18712.1628829815,0,0,0,0,0,0,0,0,0,0
"439","LENJE",35339.7997420443,0,0,0,0,0,0,0,0,0,0
"440","LESE",12365.5605170221,0,0,0,0,0,0,0,0,0,0
"441","LI",996.383159533405,0,0,0,94,0,0,0,0,94,0
"442","LIGBI, DEGHA (SE)",2398.23832806631,0,0,0,0,0,0,0,0,0,0
"443","LIKA",3974.73961112686,0,0,0,0,0,0,0,0,0,0
"444","LILSE",4766.36523036917,0,0,0,0,0,0,0,0,0,0
"445","LIMBA",5425.82134048151,0,0,5037,1200,0,0,0,0,6237,0
"446","LIPTAKO",14090.3545437619,0,0,0,0,0,0,0,0,0,0
"447","LISI",29389.254368917,0,0,0,18,0,0,0,0,18,0
"448","LOBI",12635.255817719,0,0,0,0,0,0,0,0,0,0
"449","LOGO",16586.4242406262,0,0,0,0,0,0,0,0,0,0
"450","LOKELE",9076.2912411171,0,0,0,0,0,0,0,0,0,0
"451","LOKO",2552.96348142566,0,0,0,457,0,0,0,0,457,0
"452","LOMWE",101596.274439753,0,0,0,1558,41,20,44,69,1558,174
"453","LONGUDA",1525.04845980119,0,0,0,0,0,0,0,0,0,0
"454","LOTUKO",15811.2757172066,0,0,0,0,0,0,0,0,0,0
"455","LOVEDU",15098.7176113047,0,0,0,0,20,10,22,34,0,86
"456","LOZI",44762.3435507625,0,0,0,0,0,0,0,0,0,0
"457","LUAPULA",13576.0888672833,0,0,0,0,0,0,0,0,0,0
"458","LUBA",192429.908504824,0,0,450,0,0,0,0,0,450,0
"459","LUCHAZI",37361.9653754841,0,0,0,0,0,0,0,0,0,0
"460","LUGBARA",8444.20198050523,0,0,0,0,0,0,0,0,0,0
"461","LUGURU",16215.6040451935,0,0,0,0,6014,3007,6457,10099,0,25577
"462","LUIMBE",20834.594144422,0,0,0,0,0,0,0,0,0,0
"463","LUKOKWE",11291.017474219,0,0,0,0,0,0,0,0,0,0
"464","LULUA",46472.6344286372,0,0,0,0,0,0,0,0,0,0
"465","LUMBO",42584.4134685841,0,0,0,4883,0,0,0,0,4883,0
"466","LUNDA",39525.6503039574,0,0,0,470,0,0,0,0,470,0
"467","LUNGU",30883.1839482057,0,0,0,0,0,0,0,0,0,0
"468","LUO",11105.8944154806,0,0,0,0,102,51,110,172,0,435
"469","LUPOLO",26934.4598530247,0,78786,9783,54272,0,0,0,0,142841,0
"470","LUVALE",73095.058946054,0,0,0,1376,0,0,0,0,1376,0
"471","LUWA",15451.156641232,0,0,225,118,0,0,0,0,343,0
"472","MAAZA",81725.900890129,0,0,0,0,0,0,0,0,0,0
"473","MABA",55704.9573216188,0,63,0,13,0,0,0,0,76,0
"474","MACHA",44919.6940931611,0,0,0,0,4,2,4,7,0,17
"475","MADA",7604.48969500047,0,0,0,0,0,0,0,0,0,0
"476","MADI",12194.4969036649,0,0,0,0,0,0,0,0,0,0
"477","MAGUZAWA",12374.9874949398,0,0,0,0,0,0,0,0,0,0
"478","MAGWANGARA",28403.4032292789,0,0,0,0,6382,3191,6852,10717,0,27142
"479","MAHAFALY",15795.9260378584,0,341,294,2095,0,0,1205,1161,2730,2366
"480","MAHAMID",30903.8294127935,0,0,0,0,0,0,0,0,0,0
"481","MAKA",11539.6674092245,0,0,0,0,0,0,0,0,0,0
"482","MAKERE",12308.3595134078,0,0,0,118,0,0,0,0,118,0
"483","MAKONDE",31481.2718907192,0,0,6911,966,2230,1115,2394,3744,7877,9483
"484","MAKUA",144327.815112841,0,0,49574,137099,8530,4265,9158,14324,186673,36277
"485","MALINKE",257505.484365795,6449,12709,306441,140529,0,0,0,0,466128,0
"486","MAMA",1497.11734270104,0,0,0,0,0,0,0,0,0,0
"487","MAMBILA",6385.15852922832,0,0,0,112,0,0,0,0,112,0
"488","MAMPRUSI",5577.71198931166,0,0,0,0,0,0,0,0,0,0
"489","MAMVU",11504.7134538944,0,0,675,0,0,0,0,0,675,0
"490","MANALA",14118.186438574,0,0,0,0,0,0,0,0,0,0
"491","MANDARA",4741.79304158234,0,0,0,0,0,0,0,0,0,0
"492","MANDJA",37282.0407468024,0,0,0,0,0,0,0,0,0,0
"493","MANGA",25188.6524733353,3,0,0,71,0,0,0,0,74,0
"494","MANGBETU",6313.0591226563,0,0,0,0,0,0,0,0,0,0
"495","MANYIKA",32680.777789325,0,0,0,0,205,102,220,344,0,871
"496","MAO",8786.06708138342,0,0,0,0,0,0,0,0,0,0
"497","MARGI",5565.12194598397,0,0,0,0,0,0,0,0,0,0
"498","MASA",10658.388213731,0,0,0,0,0,0,0,0,0,0
"499","MASAI",101296.010499055,0,0,0,0,266,133,286,447,0,1132
"500","MASALIT",15402.230328947,0,0,0,0,0,0,0,0,0,0
"501","MASHASHA",18779.8115718492,0,0,0,0,0,0,0,0,0,0
"502","MASHI",25248.3860978828,0,0,0,0,0,0,0,0,0,0
"503","MASINA",56306.289566177,0,0,0,35,0,0,0,0,35,0
"504","MASONGO",5150.41839169131,0,0,0,0,0,0,0,0,0,0
"505","MATAKAM",2584.79645261102,0,0,0,0,0,0,0,0,0,0
"506","MATENGO",5749.02860659494,0,0,0,0,20,10,22,34,0,86
"507","MATMATA",2174.19061530686,0,0,0,0,0,0,0,0,0,0
"508","MATUMBI",4407.42193420457,0,0,0,0,1064,532,1142,1786,0,4524
"509","MAURI",5919.13605443442,0,0,0,0,0,0,0,0,0,0
"510","MAYOGO, BADJO (NE)",3907.85337626761,0,0,0,0,0,0,0,0,0,0
"511","MBAE",5867.700614438,0,0,0,0,41,20,44,69,0,174
"512","MBAGANI",26479.3505390746,0,0,0,0,0,0,0,0,0,0
"513","MBALA",19865.5425515286,0,0,0,0,0,0,0,0,0,0
"514","MBANGALA",35431.4319983199,0,0,0,1376,0,0,0,0,1376,0
"515","MBEMBE",2022.78678389495,41,0,0,17996,0,0,0,0,18037,0
"516","MBERE",18905.1169295653,0,0,0,0,0,0,0,0,0,0
"517","MBESA",5841.02728828445,0,0,0,118,0,0,0,0,118,0
"518","MBOLE",39834.8120657223,0,0,0,0,0,0,0,0,0,0
"519","MBUBULA",957.949109383877,0,0,0,0,0,0,0,0,0,0
"520","MBUGU",1698.65304149998,0,0,0,0,0,0,0,0,0,0
"521","MBUGWE",2502.18103251454,0,0,0,0,0,0,0,0,0,0
"522","MBUKUSHU",57076.533169606,0,0,0,0,0,0,0,0,0,0
"523","MBUM",21871.414215797,0,0,0,0,0,0,0,0,0,0
"524","MBUNDA",49546.3700041728,0,0,0,0,0,0,0,0,0,0
"525","MBUNDU",97244.9080209792,0,0,28184,58008,0,0,0,0,86192,0
"526","MBUNGA",12708.5353929446,0,0,0,0,0,0,0,0,0,0
"527","MBWELA",81546.5689535685,0,0,0,787,0,0,0,0,787,0
"528","MEBAN",22749.3431746087,0,0,0,0,0,0,0,0,0,0
"529","MEDJI",5279.93394127057,0,0,0,0,0,0,0,0,0,0
"530","MEKYIBO",1075.9856815161,0,0,0,0,0,0,0,0,0,0
"531","MENASSER",2105.81062461489,0,0,0,0,0,0,0,0,0,0
"532","MENDE",22926.2579770623,0,0,2159,9311,0,0,0,0,11470,0
"533","MERARIT",13198.9437458111,0,0,0,0,0,0,0,0,0,0
"534","MERINA",90563.0589303129,0,1953,1683,12009,0,0,6906,6659,15645,13565
"535","MERU",15612.1692863764,0,0,0,0,20,10,22,34,0,86
"536","MESSIRIA",48650.492051868,0,0,0,0,0,0,0,0,0,0
"537","MIDOBI",11544.9777378871,0,0,0,0,0,0,0,0,0,0
"538","MIJERTEIN",201265.274519921,0,0,0,0,0,0,0,0,0,0
"539","MIMI",6844.50781033354,0,0,0,0,0,0,0,0,0,0
"540","MINIANKA",44156.9335541514,0,0,0,35,0,0,0,0,35,0
"541","MITTU",25026.4131033726,0,0,0,0,0,0,0,0,0,0
"542","MITUKU",11546.8576259022,0,0,0,0,0,0,0,0,0,0
"543","MOBA",4343.52544846043,0,0,0,0,0,0,0,0,0,0
"544","MOBER",3235.91634152765,0,0,0,0,0,0,0,0,0,0
"545","MOMBERA",10411.8350272486,0,0,0,0,0,0,0,0,0,0
"546","MONDARI",11513.9280462034,0,0,0,0,0,0,0,0,0,0
"547","MONGO",42201.8825475503,0,0,0,118,0,0,0,0,118,0
"548","MOROCCANS",71193.9345215075,0,0,0,0,0,0,0,0,0,0
"549","MORU",10128.0202142521,0,0,0,0,0,0,0,0,0,0
"550","MOSSI",66849.6718333755,0,0,517,157,0,0,0,0,674,0
"551","MPEZENI",8209.28671645333,0,0,0,0,0,0,0,0,0,0
"552","MPONGWE",17925.7659254883,0,589,0,4883,0,0,0,0,5472,0
"553","MUBI",9759.42920715273,0,0,0,0,0,0,0,0,0,0
"554","MUM",6138.16800738803,0,0,3059,188,0,0,0,0,3247,0
"555","MUMUYE",5355.37437655841,0,0,588,18,0,0,0,0,606,0
"556","MUNDANG",11645.1679810445,0,0,0,0,0,0,0,0,0,0
"557","MUNDU",7727.77824999193,0,0,222,671,0,0,0,0,893,0
"558","MURLE",45089.7090310617,0,0,0,0,0,0,0,0,0,0
"559","MUSGU",7596.04581805256,0,0,0,0,0,0,0,0,0,0
"560","MWERA",21323.2535000801,0,0,0,0,2271,1135,2438,3813,0,9657
"561","MZAB",30353.2710115707,0,0,0,0,0,0,0,0,0,0
"562","NAFANA",1890.39998397817,0,0,0,0,0,0,0,0,0,0
"563","NAIL",32243.4066322629,0,0,0,0,0,0,0,0,0,0
"564","NAJI",4081.78522801087,0,0,0,0,0,0,0,0,0,0
"565","NALU",2316.90014751754,2740,3975,1272,577,0,0,0,0,8564,0
"566","NAMA",264068.746041427,0,0,0,0,0,0,0,0,0,0
"567","NAMIB",49838.3526272482,0,0,0,0,0,0,0,0,0,0
"568","NAMSHI",5067.41726969125,0,0,0,0,0,0,0,0,0,0
"569","NANDI",7067.45530023775,0,0,0,0,0,0,0,0,0,0
"570","NARON",49116.3246016058,0,0,0,0,0,0,0,0,0,0
"571","NAUDEBA",1182.80075502668,0,0,0,0,0,0,0,0,0,0
"572","NDAKA",28411.5339493265,0,0,0,0,0,0,0,0,0,0
"573","NDAMBA",4473.28883862031,0,0,0,0,409,205,439,687,0,1740
"574","NDAU",63413.2922198946,0,0,0,0,61,31,66,103,0,261
"575","NDEBELE",94306.8831489805,0,0,0,0,0,0,0,0,0,0
"576","NDEMBU",104568.148999606,0,0,0,393,0,0,0,0,393,0
"577","NDOB",2329.77641229353,0,0,0,3200,0,0,0,0,3200,0
"578","NDOGO",72774.0327631057,0,0,0,197,0,0,0,0,197,0
"579","NDOKO",22569.8712253313,0,0,0,0,0,0,0,0,0,0
"580","NDOMBE",41661.2927591807,0,0,0,3736,0,0,0,0,3736,0
"581","NDORO",1761.65420314666,0,0,0,0,0,0,0,0,0,0
"582","NDUKA",43244.6346143776,0,0,0,0,0,0,0,0,0,0
"583","NEFUSA",14209.0484097673,0,0,0,0,0,0,0,0,0,0
"584","NEN",3946.07504080848,0,0,0,659,0,0,0,0,659,0
"585","NGALA",49938.4769516956,0,0,0,549,0,0,0,0,549,0
"586","NGAMA",13583.7493786738,0,0,0,0,0,0,0,0,0,0
"587","NGANDU",54071.9156849916,0,0,0,0,0,0,0,0,0,0
"588","NGBANDI",27660.7244035918,0,0,0,588,0,0,0,0,588,0
"589","NGBELE",2481.27998232799,0,0,0,0,0,0,0,0,0,0
"590","NGE",1955.11339702499,0,0,0,0,0,0,0,0,0,0
"591","NGERE",26654.9228717165,0,0,359,155,0,0,0,0,514,0
"592","NGINDO",51769.6032791483,0,0,0,0,17715,8858,19019,29748,0,75340
"593","NGIZIM",7995.49573122204,0,0,0,36,0,0,0,0,36,0
"594","NGOMBE",12679.4099940466,0,0,225,235,0,0,0,0,460,0
"595","NGONGO",3274.81251109311,0,0,0,0,0,0,0,0,0,0
"596","NGONI",NA,0,0,0,0,82,41,88,137,0,348
"597","NGONYELU",64363.2272147818,0,0,0,393,0,0,0,0,393,0
"598","NGUMBA",14459.1137898665,0,0,0,0,0,0,0,0,0,0
"599","NGUMBE",34346.3560750639,0,0,0,6096,0,0,0,0,6096,0
"600","NGURU",10951.8987567747,0,0,0,0,859,430,922,1443,0,3654
"601","NGWAKETSE",15953.9883474245,0,0,0,0,0,0,0,0,0,0
"602","NGWATO",63458.3655577645,0,0,0,0,0,0,0,0,0,0
"603","NKOLE",16265.2494393853,0,0,0,0,0,0,0,0,0,0
"604","NKOYA",14901.1221474587,0,0,0,0,0,0,0,0,0,0
"605","NKUNDO",32311.5642548784,0,0,0,0,0,0,0,0,0,0
"606","NONO",2873.62323896,0,0,0,0,0,0,0,0,0,0
"607","NSAW",2282.31382238197,0,0,0,471,0,0,0,0,471,0
"608","NSENGA",16886.8847326736,0,0,0,0,20,10,22,34,0,86
"609","NSUNGLI",2018.72340315355,0,0,0,0,0,0,0,0,0,0
"610","NUBIAN",NA,0,0,0,0,41,20,44,69,0,174
"611","NUER",74667.7786809778,0,0,0,0,0,0,0,0,0,0
"612","NUKWE",20525.1526153905,0,0,0,0,0,0,0,0,0,0
"613","NUNUMA",13614.28221948,0,0,0,0,0,0,0,0,0,0
"614","NUPE",25359.8183209321,318,0,50768,7465,0,0,0,0,58551,0
"615","NUSAN",141845.904858148,0,0,0,0,0,0,0,0,0,0
"616","NYAKYUSA",7858.99753145137,0,0,0,0,2455,1227,2635,4122,0,10439
"617","NYAMWEZI",88221.8981158495,0,0,0,0,13501,6751,14495,22672,0,57419
"618","NYANEKA",42749.1041367894,0,0,0,0,0,0,0,0,0,0
"619","NYANGIYA",2109.78554003793,0,0,0,0,0,0,0,0,0,0
"620","NYANJA",23911.7154976671,0,0,0,82781,511,256,549,859,82781,2175
"621","NYARI",4269.55166144181,0,0,0,0,0,0,0,0,0,0
"622","NYASA",13383.2158852227,0,0,0,0,30848,15424,33119,51801,0,131192
"623","NYIMA",3681.78025520774,0,0,0,0,0,0,0,0,0,0
"624","NYORO",13800.2192796254,0,0,0,0,0,0,0,0,0,0
"625","NZANKARA",10774.4041106294,0,0,0,0,0,0,0,0,0,0
"626","ODODOP",2079.07456381437,0,0,0,0,0,0,0,0,0,0
"627","OGADEN",174514.33691644,0,0,0,0,0,0,0,0,0,0
"628","OHEKWE",105762.527007754,0,0,0,0,0,0,0,0,0,0
"629","OKORO",19801.0184611476,0,0,0,0,0,0,0,0,0,0
"630","OMETO",25680.163888897,0,0,0,0,0,0,0,0,0,0
"631","ORRI",2406.52704648407,0,0,0,0,0,0,0,0,0,0
"632","PADANG",30218.341608253,0,0,0,0,0,0,0,0,0,0
"633","PANDE",19187.2259453434,0,0,0,0,0,0,0,0,0,0
"634","PARE",7086.41252298166,0,0,0,0,675,338,725,1134,0,2872
"635","PARI",2741.91774247262,0,0,0,0,0,0,0,0,0,0
"636","PEDI",66744.1729826707,0,0,0,0,0,0,0,0,0,0
"637","PEMBA",941.023749122179,0,0,0,0,205,102,220,344,0,871
"638","PENDE",18277.5122065704,0,0,0,0,0,0,0,0,0,0
"639","PEPEL",4015.28710461639,9141,16321,1982,1326,0,0,0,0,28770,0
"640","PIMBWE",9978.34171471541,0,0,0,0,0,0,0,0,0,0
"641","PODOKWO",1078.5261335231,0,0,0,0,0,0,0,0,0,0
"642","POGORO",9736.57572394783,0,0,0,0,20,10,22,34,0,86
"643","POKOMO",11930.1594344086,0,0,0,0,20,10,22,34,0,86
"644","PONDO",11578.9583165481,0,0,0,0,0,0,0,0,0,0
"645","POPO",1771.11930376474,0,25422,2915,47045,0,0,0,0,75382,0
"646","POPOI",5391.54266467778,0,0,0,0,0,0,0,0,0,0
"647","POTO",9118.87816999547,0,590,59365,2822,0,0,0,0,62777,0
"648","PUKU",10236.7579454891,0,0,0,0,0,0,0,0,0,0
"649","RANGI",4341.90648150106,0,0,0,0,0,0,0,0,0,0
"650","REGA",62703.8107794226,0,0,0,0,0,0,0,0,0,0
"651","REGEIBAT",354377.324070741,0,0,0,0,0,0,0,0,0,0
"652","RENDILE",26284.7180610032,0,0,0,0,2,1,2,4,0,9
"653","RESHE",3314.71966369364,0,0,0,0,0,0,0,0,0,0
"654","RESHIAT",12491.9704864371,0,0,0,0,0,0,0,0,0,0
"655","RIBI",NA,0,0,0,0,20,10,22,34,0,86
"656","RIF",20280.2531623934,0,0,0,0,0,0,0,0,0,0
"657","RIYAH",251032.68054352,0,0,0,0,0,0,0,0,0,0
"658","ROLONG",69140.4571566035,0,0,0,0,0,0,0,0,0,0
"659","RONGA",21154.3661507655,0,0,0,0,0,0,0,0,0,0
"660","RUANDA",23205.9507192909,0,0,0,0,0,0,0,0,0,0
"661","RUARHA",7383.6561647708,0,0,0,0,0,0,0,0,0,0
"662","RUFFA",68005.6458248337,0,0,0,0,0,0,0,0,0,0
"663","RUMBI",10547.1881691145,0,0,0,118,0,0,0,0,118,0
"664","RUNDI",31092.882724017,0,0,0,0,20,10,22,34,0,86
"665","RUNGA",50775.5193573346,0,0,0,0,0,0,0,0,0,0
"666","SAADI",171706.195568438,0,0,0,0,0,0,0,0,0,0
"667","SAB",111105.573983156,0,0,0,0,0,0,0,0,0,0
"668","SABEI",3274.55477410043,0,0,0,0,0,0,0,0,0,0
"669","SAFWA",13951.7308528452,0,0,0,0,0,0,0,0,0,0
"670","SAGARA",17434.3100158899,0,0,0,0,10228,5114,10981,17175,0,43498
"671","SAHEL",10927.6777615328,0,0,0,0,0,0,0,0,0,0
"672","SAHO",10523.8172326418,0,0,0,0,0,0,0,0,0,0
"673","SAKALAVA",205705.044899296,0,4436,3823,27276,0,0,15687,15125,35535,30812
"674","SAKATA",34583.0319538514,0,0,0,588,20,10,22,34,588,86
"675","SALA",38537.366540176,0,0,0,0,0,0,0,0,0,0
"676","SAMBURU",43156.8618727548,0,0,0,0,0,0,0,0,0,0
"677","SAMO",8176.13692007197,0,0,0,0,0,0,0,0,0,0
"678","SANDAWE",6676.654506997,0,0,0,0,0,0,0,0,0,0
"679","SANGA",53669.017087354,0,0,2434,5909,0,0,0,0,8343,0
"680","SANGU",17296.0951758755,0,0,0,0,0,0,0,0,0,0
"681","SANUSI",193377.523264387,0,0,0,0,0,0,0,0,0,0
"682","SANYE",30466.7914636231,0,0,0,0,0,0,0,0,0,0
"683","SAPO",6706.6925271996,0,0,0,0,0,0,0,0,0,0
"684","SEGEJU",10841.1612618529,0,0,0,0,164,82,176,275,0,697
"685","SEKE",7678.87078391772,0,0,0,1392,0,0,0,0,1392,0
"686","SELE",16598.5828864433,0,0,0,2753,0,0,0,0,2753,0
"687","SELIM",30053.7899200955,0,0,0,0,0,0,0,0,0,0
"688","SENA",23417.6695679457,0,0,0,88803,0,0,0,0,88803,0
"689","SENGA",15443.3075816775,0,0,0,0,675,338,725,1134,0,2872
"690","SENUFO",61526.9880596783,0,0,0,0,0,0,0,0,0,0
"691","SERER",16560.9030289495,137,435,1291,511,0,0,0,0,2374,0
"692","SHAIKIA",32261.3877245534,0,0,0,0,0,0,0,0,0,0
"693","SHAMBALA",6424.84649781537,0,0,0,0,880,440,944,1477,0,3741
"694","SHASHI",15437.0825663721,0,0,0,0,0,0,0,0,0,0
"695","SHAWIA",36415.3318236645,0,0,0,0,0,0,0,0,0,0
"696","SHEBELLE",8583.2641255046,0,0,0,0,0,0,0,0,0,0
"697","SHERBRO",8202.16783999835,0,0,0,2685,0,0,0,0,2685,0
"698","SHILA",17119.9256162789,0,0,0,0,0,0,0,0,0,0
"699","SHILLUK",14052.4184122233,0,0,0,0,0,0,0,0,0,0
"700","SHLUH",64135.1162073368,0,0,0,0,0,0,0,0,0,0
"701","SHOGO",18103.42270068,0,0,0,376,0,0,0,0,376,0
"702","SHUKRIA",49988.3225976344,0,0,0,0,0,0,0,0,0,0
"703","SHUWA",35944.4733595414,0,0,0,0,0,0,0,0,0,0
"704","SIA",8230.92999754535,0,0,0,0,0,0,0,0,0,0
"705","SIDI",110649.749545864,0,0,0,0,0,0,0,0,0,0
"706","SIHANAKA",14247.0978767381,0,307,265,1889,0,0,1087,1048,2461,2135
"707","SILA",18904.933114468,0,0,0,0,0,0,0,0,0,0
"708","SINZA",13790.067884344,0,0,0,0,41,20,44,69,0,174
"709","SIRTICANS",68944.0360096196,0,0,0,0,0,0,0,0,0,0
"710","SIWA",20306.8489523097,0,0,0,0,0,0,0,0,0,0
"711","SOGA",14157.4836279678,0,0,0,0,41,20,44,69,0,174
"712","SOKO",6780.56864093386,0,0,0,2586,0,0,0,0,2586,0
"713","SOKOTO",25094.5528263906,0,0,0,0,0,0,0,0,0,0
"714","SOLIMAN",6934.38960645277,0,0,0,0,0,0,0,0,0,0
"715","SOMALI",NA,0,0,0,0,41,20,44,69,0,174
"716","SOMBA",8921.48046227938,0,0,1715,0,0,0,0,0,1715,0
"717","SOMRAI",12601.3799689145,0,0,766,0,0,0,0,0,766,0
"718","SONGE",72790.3078860663,0,0,0,0,0,0,0,0,0,0
"719","SONGHAI",62885.2518565353,0,0,0,35,0,0,0,0,35,0
"720","SONGO",36740.5570972832,0,0,0,7866,0,0,0,0,7866,0
"721","SONGOLA",36364.2079915647,0,0,0,0,20,10,22,34,0,86
"722","SONGOMENO",15629.5904999109,0,0,0,0,0,0,0,0,0,0
"723","SONINKE",79667.2925367603,0,0,0,994,0,0,0,0,994,0
"724","SONJO",1538.45405353944,0,0,0,0,0,0,0,0,0,0
"725","SOTHO",116584.277705135,0,0,0,0,0,0,0,0,0,0
"726","SUAFA",14697.0823121823,0,0,0,0,0,0,0,0,0,0
"727","SUBIA",25536.3476796493,0,0,0,0,0,0,0,0,0,0
"728","SUK",18834.1337522194,0,0,0,0,0,0,0,0,0,0
"729","SUKU",9453.98651704479,0,0,1799,3292,0,0,0,0,5091,0
"730","SUKUMA",39386.4484044084,0,0,1238,1203,552,276,593,927,2441,2348
"731","SUMBWA",7934.63555075764,0,0,0,0,20,10,22,34,0,86
"732","SUNDI",24463.8671351779,0,0,0,12296,0,0,0,0,12296,0
"733","SURI",17365.0268700266,0,0,0,0,0,0,0,0,0,0
"734","SUSU",35038.4386764983,1006,949,66294,13265,0,0,0,0,81514,0
"735","SWAZI",29258.4406682411,0,0,0,0,0,0,0,0,0,0
"736","TABWA",43980.3350926611,0,0,0,0,0,0,0,0,0,0
"737","TAGALI",6381.01279312732,0,0,0,0,0,0,0,0,0,0
"738","TAJAKANT",110206.296226053,0,0,0,0,0,0,0,0,0,0
"739","TALODI",3914.64128228057,0,0,0,0,0,0,0,0,0,0
"740","TAMA",18076.5233060524,0,0,0,0,0,0,0,0,0,0
"741","TANALA",37986.5078043607,0,819,706,5037,0,0,2897,2793,6562,5690
"742","TANGALE",3763.94749692095,0,0,0,0,0,0,0,0,0,0
"743","TANNEKWE",17395.8781171343,0,0,0,0,0,0,0,0,0,0
"744","TASUMSA",9749.66041576765,0,0,0,0,0,0,0,0,0,0
"745","TATOGA",2178.51457288092,0,0,0,0,123,61,132,206,0,522
"746","TAWANA",20295.3272912071,0,0,0,0,0,0,0,0,0,0
"747","TAWARA",53585.97629365,0,0,0,0,0,0,0,0,0,0
"748","TAZARAWA",31365.2701069649,0,0,0,0,0,0,0,0,0,0
"749","TEDA",607853.907397193,0,0,0,0,0,0,0,0,0,0
"750","TEITA",17273.4490870453,0,0,0,0,82,41,88,137,0,348
"751","TEKE",127117.130103832,2620,20644,748,41034,0,0,0,0,65046,0
"752","TEKNA",70204.7229045525,0,0,0,0,0,0,0,0,0,0
"753","TEM",7953.34527714397,1475,16516,31025,116,0,0,0,0,49132,0
"754","TEMAIN",1939.88385151381,0,0,0,0,0,0,0,0,0,0
"755","TEMBU",21084.0691820271,0,0,0,235,0,0,0,0,235,0
"756","TEMNE",15640.2467843195,2363,2072,15110,21250,0,0,0,0,40795,0
"757","TENDA",4460.23615954215,0,0,0,95,0,0,0,0,95,0
"758","TERA",8079.74853420993,0,0,0,0,0,0,0,0,0,0
"759","TESO",9543.8247689509,0,0,0,0,0,0,0,0,0,0
"760","TETELA",82799.3682359677,0,0,0,1058,0,0,0,0,1058,0
"761","THONGA",56554.9584334491,0,0,0,0,0,0,0,0,0,0
"762","TIENGA",3929.10613633366,0,0,0,0,0,0,0,0,0,0
"763","TIGON",5727.58463063649,0,0,0,0,0,0,0,0,0,0
"764","TIGRE",23317.3898268008,0,0,0,0,0,0,0,0,0,0
"765","TIGRINYA",64754.9657576083,0,0,0,0,0,0,0,0,0,0
"766","TIKAR",9400.31569270048,0,0,0,1035,0,0,0,0,1035,0
"767","TIV",22600.2870303078,0,0,0,361,0,0,0,0,361,0
"768","TLHAPING",26006.4750140596,0,0,0,0,0,0,0,0,0,0
"769","TLHARU",29332.3297763946,0,0,0,0,0,0,0,0,0,0
"770","TLOKWA",35132.9803058118,0,0,0,0,0,0,0,0,0,0
"771","TOMA",9976.57369918464,0,0,2796,495,0,0,0,0,3291,0
"772","TONGA",67166.9694785335,0,0,0,0,61,31,66,103,0,261
"773","TOPOKE",8840.2539821034,0,0,0,0,0,0,0,0,0,0
"774","TOPOTHA",27060.876448733,0,0,0,0,0,0,0,0,0,0
"775","TORO",13689.4212875063,0,0,0,0,0,0,0,0,0,0
"776","TOTELA",18443.1497462717,0,0,0,0,0,0,0,0,0,0
"777","TRARZA",64414.1353911542,0,0,0,97,0,0,0,0,97,0
"778","TRIBU",2991.85997678336,0,0,0,0,0,0,0,0,0,0
"779","TRIPOLITANIANS",46852.0573599456,0,0,0,0,0,0,0,0,0,0
"780","TSIMIHETY",23129.5743415883,0,499,430,3067,0,0,1764,1701,3996,3465
"781","TUAT",153681.730315785,0,0,0,0,0,0,0,0,0,0
"782","TUBURI",4830.12832968971,0,0,0,0,0,0,0,0,0,0
"783","TUKULOR",35016.7999563614,0,0,0,0,0,0,0,0,0,0
"784","TULAMA",48894.0097075725,0,0,0,0,4,2,5,7,0,18
"785","TUMBUKA",24331.7007240552,0,0,0,788,2700,1350,2899,4534,788,11483
"786","TUMTUM",9997.21546337488,0,0,0,0,0,0,0,0,0,0
"787","TUNGUR",12384.7413126231,0,0,0,0,0,0,0,0,0,0
"788","TUNISIANS",27672.0827308674,0,0,0,0,0,0,0,0,0,0
"789","TURKANA",50019.1770288051,0,0,0,0,0,0,0,0,0,0
"790","TURU",13504.9278126873,0,0,0,0,798,399,857,1340,0,3394
"791","TUSYAN",6586.35757790526,0,0,0,0,0,0,0,0,0,0
"792","UDALAN",64293.0394507993,0,0,0,0,0,0,0,0,0,0
"793","UNGA",7236.38782882478,0,0,0,0,0,0,0,0,0,0
"794","UREGU",3999.85859819466,0,0,0,0,0,0,0,0,0,0
"795","VAGALA",1430.06484811896,0,0,0,0,0,0,0,0,0,0
"796","VAI",5447.08950452809,0,0,586,514,0,0,0,0,1100,0
"797","VENDA",26856.8495218202,0,0,0,0,0,0,0,0,0,0
"798","VERE",5220.31201709589,0,0,0,0,0,0,0,0,0,0
"799","VILI",22417.9057079924,0,0,218,79170,0,0,0,0,79388,0
"800","WABA",5056.26736945957,0,0,0,0,0,0,0,0,0,0
"801","WAKURA",1699.35637520321,0,0,0,0,0,0,0,0,0,0
"802","WALLAGA",30790.3541400136,0,0,0,0,3,1,3,5,0,12
"803","WALLO",27426.6699552788,0,0,0,0,2,1,3,4,0,10
"804","WANGA",6619.88731045446,0,0,113,212,123,61,132,206,325,522
"805","WARA",2068.66611998635,0,0,0,30,0,0,0,0,30,0
"806","WARAIN",9892.06763410344,0,0,0,0,0,0,0,0,0,0
"807","WARJAWA",6543.28641328137,0,0,0,0,0,0,0,0,0,0
"808","WIDEKUM",3735.51837515414,0,0,0,0,0,0,0,0,0,0
"809","WOBE",2323.24899705748,0,0,0,0,0,0,0,0,0,0
"810","WOLOF",26528.3728895846,3812,5225,76292,5518,0,0,0,0,90847,0
"811","WUM",1052.40649011109,0,0,0,0,0,0,0,0,0,0
"812","WURKUM",2744.03712365986,0,0,0,0,0,0,0,0,0,0
"813","WUTE",14784.1566252801,0,0,0,282,0,0,0,0,282,0
"814","XAM",286506.67408427,0,0,0,0,0,0,0,0,0,0
"815","XOSA",14896.1921852428,0,631,0,0,0,0,0,0,631,0
"816","YAHI",7253.41895161203,0,0,0,0,0,0,0,0,0,0
"817","YAKA",55442.6958614481,0,0,0,3527,0,0,0,0,3527,0
"818","YAKO",2672.40241817649,0,0,0,126,0,0,0,0,126,0
"819","YAKOMA",7541.13260674219,0,0,1712,17,0,0,0,0,1729,0
"820","YALUNKA",7807.44772335369,0,0,0,114,0,0,0,0,114,0
"821","YANGERE",10559.1561153737,0,0,0,0,0,0,0,0,0,0
"822","YANZI",15001.6809674241,0,0,0,0,0,0,0,0,0,0
"823","YAO",99737.255290012,0,0,0,11378,40258,20129,43222,67603,11378,171212
"824","YEKE",11420.8942858668,0,0,0,0,0,0,0,0,0,0
"825","YERGUM",1860.13907936454,0,0,0,0,0,0,0,0,0,0
"826","YESKWA",2860.92708888373,0,0,0,90,0,0,0,0,90,0
"827","YOMBE",19348.2272311279,0,0,0,8531,0,0,0,0,8531,0
"828","YORUBA",47868.2922918185,1029,53224,413202,198511,0,0,0,0,665966,0
"829","YUNGUR",2233.74249009522,0,0,0,0,0,0,0,0,0,0
"830","ZAGHAWA",79522.4497683855,0,0,0,0,0,0,0,0,0,0
"831","ZARAMO",23849.3607008124,0,0,0,0,23688,11844,25432,39778,0,100742
"832","ZEKARA",3547.81329947806,0,0,0,0,0,0,0,0,0,0
"833","ZENEGA",219274.640257312,0,0,0,0,0,0,0,0,0,0
"834","ZERMA",44527.3276014747,0,0,0,0,0,0,0,0,0,0
"835","ZEZURU",57001.1390323156,0,0,0,0,0,0,0,0,0,0
"836","ZIBAN",12155.6655340846,0,0,0,0,0,0,0,0,0,0
"837","ZIGULA",9826.07474405922,0,0,0,0,1166,583,1252,1958,0,4959
"838","ZIMBA",18924.0701076887,0,0,0,0,0,0,0,0,0,0
"839","ZUANDE, BATU (E)",2692.85279436282,0,0,0,0,0,0,0,0,0,0
"840","ZULU",89597.6756361799,0,0,0,0,0,0,0,0,0,0
"841","ZUMPER",2443.1945440507,0,0,0,126,0,0,0,0,126,0
